{
  "m6_tier1": {
    "accuracy": 0.9230769230769231,
    "f1_macro": 0.9089217296113847,
    "f1_weighted": 0.9237674203191445,
    "best_val_accuracy": 0.9615384340286255,
    "epochs_trained": 34,
    "training_time_s": 36.92436599731445,
    "roc_auc": 0.9619716739154678
  },
  "m6_tier2": {
    "accuracy": 0.8653846153846154,
    "f1_macro": 0.7414601873392169,
    "f1_weighted": 0.8653217697335344,
    "best_val_accuracy": 0.9230769276618958,
    "epochs_trained": 34,
    "training_time_s": 37.695783376693726
  },
  "m6_tier3": {
    "accuracy": 0.7622377622377622,
    "f1_macro": 0.6863052371824302,
    "f1_weighted": 0.7572055839262317,
    "best_val_accuracy": 0.8309859037399292,
    "epochs_trained": 35,
    "training_time_s": 38.86830735206604
  }
}