{
  "models": {
    "m2_tier1": {
      "accuracy": 0.9134615384615384,
      "f1_macro": 0.8975369458128079,
      "f1_weighted": 0.9142383478590375,
      "best_val_accuracy": 0.942307710647583,
      "epochs_trained": 51,
      "training_time_s": 33.206265449523926,
      "roc_auc": 0.9624177539868406
    },
    "m2_tier2": {
      "accuracy": 0.8653846153846154,
      "f1_macro": 0.7314848437564606,
      "f1_weighted": 0.8589553638231444,
      "best_val_accuracy": 0.9182692170143127,
      "epochs_trained": 75,
      "training_time_s": 45.26976752281189
    },
    "m2_tier3": {
      "accuracy": 0.7692307692307693,
      "f1_macro": 0.7164807164129656,
      "f1_weighted": 0.7733192239375081,
      "best_val_accuracy": 0.8450704216957092,
      "epochs_trained": 61,
      "training_time_s": 36.12530326843262
    },
    "m5_tier1": {
      "accuracy": 0.8798076923076923,
      "f1_macro": 0.8639562567040787,
      "f1_weighted": 0.8831565871535262,
      "best_val_accuracy": 0.932692289352417,
      "epochs_trained": 55,
      "training_time_s": 32.423176288604736,
      "roc_auc": 0.956618713058994
    },
    "m5_tier2": {
      "accuracy": 0.8028846153846154,
      "f1_macro": 0.6377136728099403,
      "f1_weighted": 0.8099685318132069,
      "best_val_accuracy": 0.8317307829856873,
      "epochs_trained": 65,
      "training_time_s": 36.49526047706604
    },
    "m5_tier3": {
      "accuracy": 0.7272727272727273,
      "f1_macro": 0.6570158611825279,
      "f1_weighted": 0.7254001474281195,
      "best_val_accuracy": 0.7957746386528015,
      "epochs_trained": 81,
      "training_time_s": 41.95873188972473
    },
    "m6_tier1": {
      "accuracy": 0.9134615384615384,
      "f1_macro": 0.9001280409731114,
      "f1_weighted": 0.9152159460258051,
      "best_val_accuracy": 0.9567307829856873,
      "epochs_trained": 55,
      "training_time_s": 51.088714838027954,
      "roc_auc": 0.9733467157354746
    },
    "m6_tier2": {
      "accuracy": 0.8701923076923077,
      "f1_macro": 0.7766742150815077,
      "f1_weighted": 0.865997405109892,
      "best_val_accuracy": 0.9038461446762085,
      "epochs_trained": 41,
      "training_time_s": 38.702558755874634
    },
    "m6_tier3": {
      "accuracy": 0.7762237762237763,
      "f1_macro": 0.7246838175604056,
      "f1_weighted": 0.7723433797809061,
      "best_val_accuracy": 0.8661971688270569,
      "epochs_trained": 65,
      "training_time_s": 56.99186038970947
    }
  },
  "hyperparameter_search": {
    "m2": {
      "best_lr": 0.002,
      "best_dropout": 0.2,
      "best_augmentation": "none",
      "best_aug_F": null,
      "best_aug_T": null,
      "best_augment": false,
      "sweeps": {
        "lr_sweep": [
          {
            "lr": 0.0005,
            "val_accuracy": 0.8365384340286255,
            "time": 24.147079944610596
          },
          {
            "lr": 0.001,
            "val_accuracy": 0.8990384340286255,
            "time": 35.26953148841858
          },
          {
            "lr": 0.002,
            "val_accuracy": 0.9038461446762085,
            "time": 47.51878118515015
          }
        ],
        "dropout_sweep": [
          {
            "dropout": 0.2,
            "val_accuracy": 0.9086538553237915,
            "time": 37.7881019115448
          },
          {
            "dropout": 0.3,
            "val_accuracy": 0.8990384340286255,
            "time": 39.55669546127319
          },
          {
            "dropout": 0.5,
            "val_accuracy": 0.8846153616905212,
            "time": 28.248722314834595
          }
        ],
        "aug_sweep": [
          {
            "config": "none",
            "val_accuracy": 0.9038461446762085,
            "time": 46.07577919960022
          },
          {
            "config": "default",
            "val_accuracy": 0.8942307829856873,
            "time": 32.63595175743103
          },
          {
            "config": "aggressive",
            "val_accuracy": 0.9038461446762085,
            "time": 36.60139560699463
          }
        ]
      }
    },
    "m5": {
      "best_lr": 0.001,
      "best_dropout": 0.3,
      "best_augmentation": "default",
      "best_aug_F": null,
      "best_aug_T": null,
      "best_augment": true,
      "sweeps": {
        "lr_sweep": [
          {
            "lr": 0.0005,
            "val_accuracy": 0.870192289352417,
            "time": 40.558568477630615
          },
          {
            "lr": 0.001,
            "val_accuracy": 0.8846153616905212,
            "time": 40.86825442314148
          },
          {
            "lr": 0.002,
            "val_accuracy": 0.875,
            "time": 32.69226694107056
          }
        ],
        "dropout_sweep": [
          {
            "dropout": 0.2,
            "val_accuracy": 0.8461538553237915,
            "time": 29.108312129974365
          },
          {
            "dropout": 0.3,
            "val_accuracy": 0.8605769276618958,
            "time": 26.033034324645996
          },
          {
            "dropout": 0.5,
            "val_accuracy": 0.8605769276618958,
            "time": 44.934213638305664
          }
        ],
        "aug_sweep": [
          {
            "config": "none",
            "val_accuracy": 0.875,
            "time": 25.969684600830078
          },
          {
            "config": "default",
            "val_accuracy": 0.8894230723381042,
            "time": 34.19831609725952
          },
          {
            "config": "aggressive",
            "val_accuracy": 0.8557692170143127,
            "time": 39.6873505115509
          }
        ]
      }
    },
    "m6": {
      "best_lr": 0.002,
      "best_dropout": 0.3,
      "best_augmentation": "none",
      "best_aug_F": null,
      "best_aug_T": null,
      "best_augment": false,
      "sweeps": {
        "lr_sweep": [
          {
            "lr": 0.0005,
            "val_accuracy": 0.9038461446762085,
            "time": 60.54633378982544
          },
          {
            "lr": 0.001,
            "val_accuracy": 0.8942307829856873,
            "time": 54.61805987358093
          },
          {
            "lr": 0.002,
            "val_accuracy": 0.9134615659713745,
            "time": 68.0128481388092
          }
        ],
        "dropout_sweep": [],
        "aug_sweep": [
          {
            "config": "none",
            "val_accuracy": 0.9086538553237915,
            "time": 32.90278458595276
          },
          {
            "config": "default",
            "val_accuracy": 0.8990384340286255,
            "time": 41.76309156417847
          },
          {
            "config": "aggressive",
            "val_accuracy": 0.9038461446762085,
            "time": 40.9004111289978
          }
        ]
      }
    }
  }
}