{
  "models": {
    "m2_tier1": {
      "accuracy": 0.9134615384615384,
      "f1_macro": 0.8984375,
      "f1_weighted": 0.9145883413461539,
      "best_val_accuracy": 0.9278846383094788,
      "epochs_trained": 27,
      "training_time_s": 20.373623371124268,
      "roc_auc": 0.9556150328984052
    },
    "m2_tier2": {
      "accuracy": 0.875,
      "f1_macro": 0.7511932261932261,
      "f1_weighted": 0.8728514678033908,
      "best_val_accuracy": 0.9230769276618958,
      "epochs_trained": 85,
      "training_time_s": 73.75985193252563
    },
    "m2_tier3": {
      "accuracy": 0.8181818181818182,
      "f1_macro": 0.7638573857727373,
      "f1_weighted": 0.8196553804875182,
      "best_val_accuracy": 0.8802816867828369,
      "epochs_trained": 67,
      "training_time_s": 56.21152639389038
    },
    "m5_tier1": {
      "accuracy": 0.8798076923076923,
      "f1_macro": 0.858322207993897,
      "f1_weighted": 0.8811339567715069,
      "best_val_accuracy": 0.9086538553237915,
      "epochs_trained": 24,
      "training_time_s": 20.011870622634888,
      "roc_auc": 0.9481431917029106
    },
    "m5_tier2": {
      "accuracy": 0.8028846153846154,
      "f1_macro": 0.6252090870190998,
      "f1_weighted": 0.8058766824211303,
      "best_val_accuracy": 0.875,
      "epochs_trained": 41,
      "training_time_s": 26.253026247024536
    },
    "m5_tier3": {
      "accuracy": 0.7202797202797203,
      "f1_macro": 0.6505751247932788,
      "f1_weighted": 0.7241904783006702,
      "best_val_accuracy": 0.8450704216957092,
      "epochs_trained": 59,
      "training_time_s": 35.6834819316864
    },
    "m6_tier1": {
      "accuracy": 0.9230769230769231,
      "f1_macro": 0.9089217296113847,
      "f1_weighted": 0.9237674203191445,
      "best_val_accuracy": 0.9615384340286255,
      "epochs_trained": 34,
      "training_time_s": 36.92436599731445,
      "roc_auc": 0.9619716739154678
    },
    "m6_tier2": {
      "accuracy": 0.8653846153846154,
      "f1_macro": 0.7414601873392169,
      "f1_weighted": 0.8653217697335344,
      "best_val_accuracy": 0.9230769276618958,
      "epochs_trained": 34,
      "training_time_s": 37.695783376693726
    },
    "m6_tier3": {
      "accuracy": 0.7622377622377622,
      "f1_macro": 0.6863052371824302,
      "f1_weighted": 0.7572055839262317,
      "best_val_accuracy": 0.8309859037399292,
      "epochs_trained": 35,
      "training_time_s": 38.86830735206604
    }
  },
  "hyperparameter_search": {
    "m2": {
      "best_lr": 0.002,
      "best_dropout": 0.2,
      "best_augmentation": "none",
      "best_aug_F": null,
      "best_aug_T": null,
      "best_augment": false,
      "sweeps": {
        "lr_sweep": [
          {
            "lr": 0.0005,
            "val_accuracy": 0.8365384340286255,
            "time": 24.147079944610596
          },
          {
            "lr": 0.001,
            "val_accuracy": 0.8990384340286255,
            "time": 35.26953148841858
          },
          {
            "lr": 0.002,
            "val_accuracy": 0.9038461446762085,
            "time": 47.51878118515015
          }
        ],
        "dropout_sweep": [
          {
            "dropout": 0.2,
            "val_accuracy": 0.9086538553237915,
            "time": 37.7881019115448
          },
          {
            "dropout": 0.3,
            "val_accuracy": 0.8990384340286255,
            "time": 39.55669546127319
          },
          {
            "dropout": 0.5,
            "val_accuracy": 0.8846153616905212,
            "time": 28.248722314834595
          }
        ],
        "aug_sweep": [
          {
            "config": "none",
            "val_accuracy": 0.9038461446762085,
            "time": 46.07577919960022
          },
          {
            "config": "default",
            "val_accuracy": 0.8942307829856873,
            "time": 32.63595175743103
          },
          {
            "config": "aggressive",
            "val_accuracy": 0.9038461446762085,
            "time": 36.60139560699463
          }
        ]
      }
    },
    "m5": {
      "best_lr": 0.001,
      "best_dropout": 0.3,
      "best_augmentation": "default",
      "best_aug_F": null,
      "best_aug_T": null,
      "best_augment": true,
      "sweeps": {
        "lr_sweep": [
          {
            "lr": 0.0005,
            "val_accuracy": 0.870192289352417,
            "time": 40.558568477630615
          },
          {
            "lr": 0.001,
            "val_accuracy": 0.8846153616905212,
            "time": 40.86825442314148
          },
          {
            "lr": 0.002,
            "val_accuracy": 0.875,
            "time": 32.69226694107056
          }
        ],
        "dropout_sweep": [
          {
            "dropout": 0.2,
            "val_accuracy": 0.8461538553237915,
            "time": 29.108312129974365
          },
          {
            "dropout": 0.3,
            "val_accuracy": 0.8605769276618958,
            "time": 26.033034324645996
          },
          {
            "dropout": 0.5,
            "val_accuracy": 0.8605769276618958,
            "time": 44.934213638305664
          }
        ],
        "aug_sweep": [
          {
            "config": "none",
            "val_accuracy": 0.875,
            "time": 25.969684600830078
          },
          {
            "config": "default",
            "val_accuracy": 0.8894230723381042,
            "time": 34.19831609725952
          },
          {
            "config": "aggressive",
            "val_accuracy": 0.8557692170143127,
            "time": 39.6873505115509
          }
        ]
      }
    },
    "m6": {
      "best_lr": 0.002,
      "best_dropout": 0.3,
      "best_augmentation": "none",
      "best_aug_F": null,
      "best_aug_T": null,
      "best_augment": false,
      "sweeps": {
        "lr_sweep": [
          {
            "lr": 0.0005,
            "val_accuracy": 0.9038461446762085,
            "time": 60.54633378982544
          },
          {
            "lr": 0.001,
            "val_accuracy": 0.8942307829856873,
            "time": 54.61805987358093
          },
          {
            "lr": 0.002,
            "val_accuracy": 0.9134615659713745,
            "time": 68.0128481388092
          }
        ],
        "dropout_sweep": [],
        "aug_sweep": [
          {
            "config": "none",
            "val_accuracy": 0.9086538553237915,
            "time": 32.90278458595276
          },
          {
            "config": "default",
            "val_accuracy": 0.8990384340286255,
            "time": 41.76309156417847
          },
          {
            "config": "aggressive",
            "val_accuracy": 0.9038461446762085,
            "time": 40.9004111289978
          }
        ]
      }
    }
  }
}