{
  "models": {
    "m2_tier1": {
      "accuracy": 0.8798076923076923,
      "f1_macro": 0.8607205035489487,
      "f1_weighted": 0.8820386624223506,
      "best_val_accuracy": 0.9278846383094788,
      "epochs_trained": 41,
      "training_time_s": 26.17405939102173,
      "roc_auc": 0.9562841530054644
    },
    "m2_tier2": {
      "accuracy": 0.8605769230769231,
      "f1_macro": 0.7335185572615398,
      "f1_weighted": 0.8582433265890674,
      "best_val_accuracy": 0.9038461446762085,
      "epochs_trained": 57,
      "training_time_s": 33.92602062225342
    },
    "m2_tier3": {
      "accuracy": 0.7762237762237763,
      "f1_macro": 0.7217198180046478,
      "f1_weighted": 0.7740158343873514,
      "best_val_accuracy": 0.8521126508712769,
      "epochs_trained": 66,
      "training_time_s": 36.32527685165405
    },
    "m5_tier1": {
      "accuracy": 0.8942307692307693,
      "f1_macro": 0.8736190897039329,
      "f1_weighted": 0.8947215235052178,
      "best_val_accuracy": 0.9278846383094788,
      "epochs_trained": 50,
      "training_time_s": 27.790181398391724,
      "roc_auc": 0.9558380729340916
    },
    "m5_tier2": {
      "accuracy": 0.7932692307692307,
      "f1_macro": 0.5956003414349832,
      "f1_weighted": 0.7944447164472941,
      "best_val_accuracy": 0.875,
      "epochs_trained": 65,
      "training_time_s": 34.17800521850586
    },
    "m5_tier3": {
      "accuracy": 0.6923076923076923,
      "f1_macro": 0.611601886421288,
      "f1_weighted": 0.69090959245758,
      "best_val_accuracy": 0.8380281925201416,
      "epochs_trained": 72,
      "training_time_s": 35.254542112350464
    },
    "m6_tier1": {
      "accuracy": 0.9086538461538461,
      "f1_macro": 0.8903410194511502,
      "f1_weighted": 0.9088692911738778,
      "best_val_accuracy": 0.9663461446762085,
      "epochs_trained": 49,
      "training_time_s": 48.66490650177002,
      "roc_auc": 0.9640905542544886
    },
    "m6_tier2": {
      "accuracy": 0.8413461538461539,
      "f1_macro": 0.7387993132696474,
      "f1_weighted": 0.8402716411602991,
      "best_val_accuracy": 0.8942307829856873,
      "epochs_trained": 25,
      "training_time_s": 26.333644151687622
    },
    "m6_tier3": {
      "accuracy": 0.8181818181818182,
      "f1_macro": 0.7624017476917504,
      "f1_weighted": 0.8146685749066516,
      "best_val_accuracy": 0.8521126508712769,
      "epochs_trained": 62,
      "training_time_s": 50.70043635368347
    }
  },
  "hyperparameter_search": {
    "m2": {
      "best_lr": 0.002,
      "best_dropout": 0.2,
      "best_augmentation": "none",
      "best_aug_F": null,
      "best_aug_T": null,
      "best_augment": false,
      "sweeps": {
        "lr_sweep": [
          {
            "lr": 0.0005,
            "val_accuracy": 0.8365384340286255,
            "time": 24.147079944610596
          },
          {
            "lr": 0.001,
            "val_accuracy": 0.8990384340286255,
            "time": 35.26953148841858
          },
          {
            "lr": 0.002,
            "val_accuracy": 0.9038461446762085,
            "time": 47.51878118515015
          }
        ],
        "dropout_sweep": [
          {
            "dropout": 0.2,
            "val_accuracy": 0.9086538553237915,
            "time": 37.7881019115448
          },
          {
            "dropout": 0.3,
            "val_accuracy": 0.8990384340286255,
            "time": 39.55669546127319
          },
          {
            "dropout": 0.5,
            "val_accuracy": 0.8846153616905212,
            "time": 28.248722314834595
          }
        ],
        "aug_sweep": [
          {
            "config": "none",
            "val_accuracy": 0.9038461446762085,
            "time": 46.07577919960022
          },
          {
            "config": "default",
            "val_accuracy": 0.8942307829856873,
            "time": 32.63595175743103
          },
          {
            "config": "aggressive",
            "val_accuracy": 0.9038461446762085,
            "time": 36.60139560699463
          }
        ]
      }
    },
    "m5": {
      "best_lr": 0.001,
      "best_dropout": 0.3,
      "best_augmentation": "default",
      "best_aug_F": null,
      "best_aug_T": null,
      "best_augment": true,
      "sweeps": {
        "lr_sweep": [
          {
            "lr": 0.0005,
            "val_accuracy": 0.870192289352417,
            "time": 40.558568477630615
          },
          {
            "lr": 0.001,
            "val_accuracy": 0.8846153616905212,
            "time": 40.86825442314148
          },
          {
            "lr": 0.002,
            "val_accuracy": 0.875,
            "time": 32.69226694107056
          }
        ],
        "dropout_sweep": [
          {
            "dropout": 0.2,
            "val_accuracy": 0.8461538553237915,
            "time": 29.108312129974365
          },
          {
            "dropout": 0.3,
            "val_accuracy": 0.8605769276618958,
            "time": 26.033034324645996
          },
          {
            "dropout": 0.5,
            "val_accuracy": 0.8605769276618958,
            "time": 44.934213638305664
          }
        ],
        "aug_sweep": [
          {
            "config": "none",
            "val_accuracy": 0.875,
            "time": 25.969684600830078
          },
          {
            "config": "default",
            "val_accuracy": 0.8894230723381042,
            "time": 34.19831609725952
          },
          {
            "config": "aggressive",
            "val_accuracy": 0.8557692170143127,
            "time": 39.6873505115509
          }
        ]
      }
    },
    "m6": {
      "best_lr": 0.002,
      "best_dropout": 0.3,
      "best_augmentation": "none",
      "best_aug_F": null,
      "best_aug_T": null,
      "best_augment": false,
      "sweeps": {
        "lr_sweep": [
          {
            "lr": 0.0005,
            "val_accuracy": 0.9038461446762085,
            "time": 60.54633378982544
          },
          {
            "lr": 0.001,
            "val_accuracy": 0.8942307829856873,
            "time": 54.61805987358093
          },
          {
            "lr": 0.002,
            "val_accuracy": 0.9134615659713745,
            "time": 68.0128481388092
          }
        ],
        "dropout_sweep": [],
        "aug_sweep": [
          {
            "config": "none",
            "val_accuracy": 0.9086538553237915,
            "time": 32.90278458595276
          },
          {
            "config": "default",
            "val_accuracy": 0.8990384340286255,
            "time": 41.76309156417847
          },
          {
            "config": "aggressive",
            "val_accuracy": 0.9038461446762085,
            "time": 40.9004111289978
          }
        ]
      }
    }
  }
}