{
  "m2_tier1": {
    "accuracy": 0.9134615384615384,
    "f1_macro": 0.8975369458128079,
    "f1_weighted": 0.9142383478590375,
    "best_val_accuracy": 0.942307710647583,
    "epochs_trained": 51,
    "training_time_s": 33.206265449523926,
    "roc_auc": 0.9624177539868406
  },
  "m2_tier2": {
    "accuracy": 0.8653846153846154,
    "f1_macro": 0.7314848437564606,
    "f1_weighted": 0.8589553638231444,
    "best_val_accuracy": 0.9182692170143127,
    "epochs_trained": 75,
    "training_time_s": 45.26976752281189
  },
  "m2_tier3": {
    "accuracy": 0.7692307692307693,
    "f1_macro": 0.7164807164129656,
    "f1_weighted": 0.7733192239375081,
    "best_val_accuracy": 0.8450704216957092,
    "epochs_trained": 61,
    "training_time_s": 36.12530326843262
  }
}